﻿Designator,Quantity,Value,Footprint,Package,MPN,DNP,Mount_Type,Description,Manufacturer Part,Manufacturer,Supplier Part,Supplier,LCSC Part Name,MF,MAXIMUM_PACKAGE_HEIGHT,Price,Check_prices,STANDARD,PARTREV,SnapEDA_Link,MP,Description_1,Availability,MANUFACTURER,SNAPEDA_PN
"C1, C6, C9",3,10uf/25V,C_0603_1608Metric,,,,smt,Unpolarized capacitor,,,,,,,,,,,,,,,,,
"C10, C12, C13, C14, C16, C17, C18, C19, C23, C24",10,4.7uf/25V,C_0603_1608Metric,,,,smt,Unpolarized capacitor,,,,,,,,,,,,,,,,,
"C11, C15, C2, C3, C5, C7, C8",7,0.1uf/50V,C_0603_1608Metric,,,,smt,Unpolarized capacitor,,,,,,,,,,,,,,,,,
"C20, C21, C22, C25, C4",5,1uf/50V,C_0603_1608Metric,,,,smt,Unpolarized capacitor,,,,,,,,,,,,,,,,,
D1,1,1N5819WS,D_SOD-323,,,,smt,"40V 600mV@1A 1A SOD-323 Schottky Barrier Diodes, SOD-323",,,,,,,,,,,,,,,,,
"D2, D3, D4",3,~,SOD-523_L1.2-W0.8-LS1.6-BI,,,,tht,polarity:Bidirectional Reverse Stand-Off Voltage (Vrwm):5V Maximum Clamping Voltage:18.6V Peak Pulse Current (Ipp):9.4A Breakdown Voltage:5.6V Type:ESD,LESD5D5.0CT1G,LRC(乐山无线电),C383211,LCSC,双向ESD,,,,,,,,,,,,
"D5, D6, D7",3,MBR0530,D_SOD-123,,,,smt,"30V 0.5A Schottky Power Rectifier Diode, SOD-123",,,,,,,,,,,,,,,,,
FPC1,1,~,FPC-SMD_24P-P0.50_FPC-05FB-24PH20,,,,tht,"Locking Feature:Clamshell Contact Type:Double-sided contacts/up and down connection Number of Contacts:24P Pitch:0.5mm Mounting Type:卧贴 FFC, FCB Thickness:0.3mm FFC, FCB Thickness:0.3mm Height Above Board:2mm Operating Temperature Range:-25°C~+85°C Operatin",FPC-05FB-24PH20,XUNPU(讯普),C2856831,LCSC,间距:0.5mm P数:24P 翻盖式 双侧触点/上下接,,,,,,,,,,,,
L1,1,10uH/1A,L_1210_3225Metric,,,,smt,Inductor,,,,,,,,,,,,,,,,,
Q1,1,Si1308EDL,SOT-323_SC-70,,,,smt,"30V Vds, 1.4A Id, N-Channel MOSFET, SC-70",,,,,,,,,,,,,,,,,
"R1, R2, R5, R6, R9",5,10k,R_0402_1005Metric,,,,smt,Resistor,,,,,,,,,,,,,,,,,
R10,1,0.47,R_0402_1005Metric,,,,smt,Resistor,,,,,,,,,,,,,,,,,
"R3, R4",2,5k,R_0402_1005Metric,,,,smt,Resistor,,,,,,,,,,,,,,,,,
R7,1,3,R_0402_1005Metric,,,,smt,Resistor,,,,,,,,,,,,,,,,,
"SW1, SW2",2,~,SW-SMD_L3.9-W3.0-P4.45,,,,tht,Circuit:SPST Actuator Style:Round Button Operating Force:160gf Mounting Style:Brick nogging Switch Length:4mm Switch Width:3mm Switch Height:2mm Strike Gundam:不带 Contact Current:50mA Voltage Rating (DC):12V Insulation Resistance:100MΩ Actuator/Cap Color:B,TS-1088-AR02016,XUNPU(讯普),C720477,LCSC,4*3*2mm 立贴 轻触开关,,,,,,,,,,,,
"TP1, TP2, TP3, TP4, TP5",5,TestPoint,TestPoint_Pad_D1.5mm,,,,tht,test point,,,,,,,,,,,,,,,,,
U1,1,~,TYPE-C-SMD_USB4120-03-C,,,,tht,Connector Type:Type-C Standard:USB 3.1 Gender:Female Mounting Style:Standing paste Number of Contacts:16P Number of Ports:1 Current Rating - Power (Max):5A Contact Material:- Contact Plating:- Operating Temperature Range:-40°C~+85°C Operating Temperature Ra,TYPE-C 16PLT-H10.0,SHOU HAN(首韩),C3151749,LCSC,Type-C 母 立贴,,,,,,,,,,,,
U2,1,ESP32-C3-MINI-1-N4,XCVR_ESP32-C3-MINI-1-N4,SMD-53 Espressif Systems,,,smt,,,,,,,Espressif Systems,2.55mm,None,https://www.snapeda.com/parts/ESP32-C3-MINI-1-N4/Espressif+Systems/view-part/?ref=eda,Manufacturer Recommendations,v1.0,https://www.snapeda.com/parts/ESP32-C3-MINI-1-N4/Espressif+Systems/view-part/?ref=snap,ESP32-C3-MINI-1-N4,"Bluetooth, WiFi 802.11b/g/n, Bluetooth v5.0 Transceiver Module 2.412GHz ~ 2.484GHz PCB Trace Surface Mount",In Stock,Espressif Systems,
U3,1,AMS1117-3.3,SOT-223-3_TabPin2,,,,smt,"1A Low Dropout regulator, positive, 3.3V fixed output, SOT-223",,,,,,,,,,,,,,,,,
U4,1,SCD40-D-R1,XDCR_SCD40-D-R1,None,,,smt,,,,,,,Sensirion AG,6.8mm,None,https://www.snapeda.com/parts/SCD40-D-R1/Sensirion/view-part/?ref=eda,Manufacturer Recommendations,1.2,https://www.snapeda.com/parts/SCD40-D-R1/Sensirion/view-part/?ref=snap,SCD40-D-R1,"Carbon Dioxide (CO2), Humidity, Temperature Sensor I2C",In Stock,Sensirion,SCD41-D-R2
U5,1,~,CONN-SMD_6P-P1.25_XUNPU_WAFER-GH1.25-6PWB,,,,tht,Pins Structure:1x6P Pitch:1.25mm Mounting Type:Horizontal attachment Reference Series:GH Number of Pins:6P Number of Rows:1 Number of PINs Per Row:6 Row Spacing:- Current Rating:1A Contact Material:Brass Contact Plating:- Operating Temperature:-25°C~+85°C O,WAFER-GH1.25-6PWB,XUNPU(讯普),C3029381,LCSC,1x6P 间距:1.25mm 卧贴 系列:GH,,,,,,,,,,,,
