﻿pos_x,pos_y,rotation,side,designator,mpn,pack,footprint,value,mount_type
100.651016,-84.538452,0.0,top,C1,,,C_0603_1608Metric,10uf/25V,smt
127.025,-85.630771,0.0,top,C10,,,C_0603_1608Metric,4.7uf/25V,smt
127.025,-87.730771,180.0,top,C11,,,C_0603_1608Metric,0.1uf/50V,smt
96.625,-103.0,180.0,top,C12,,,C_0603_1608Metric,4.7uf/25V,smt
107.9,-105.75,-90.0,top,C13,,,C_0603_1608Metric,4.7uf/25V,smt
96.6,-100.6,180.0,top,C14,,,C_0603_1608Metric,4.7uf/25V,smt
105.6,-117.1,90.0,top,C15,,,C_0603_1608Metric,0.1uf/50V,smt
107.9,-117.1,-90.0,top,C16,,,C_0603_1608Metric,4.7uf/25V,smt
105.4,-105.7,90.0,top,C17,,,C_0603_1608Metric,4.7uf/25V,smt
108.05,-93.55,180.0,top,C18,,,C_0603_1608Metric,4.7uf/25V,smt
104.45,-93.2,180.0,top,C19,,,C_0603_1608Metric,4.7uf/25V,smt
100.651016,-86.488452,180.0,top,C2,,,C_0603_1608Metric,0.1uf/50V,smt
96.125,-93.9,180.0,top,C20,,,C_0603_1608Metric,1uf/50V,smt
96.7,-91.5,0.0,top,C21,,,C_0603_1608Metric,1uf/50V,smt
96.7,-89.6,0.0,top,C22,,,C_0603_1608Metric,1uf/50V,smt
96.7,-87.5,180.0,top,C23,,,C_0603_1608Metric,4.7uf/25V,smt
89.125,-86.0,0.0,top,C24,,,C_0603_1608Metric,4.7uf/25V,smt
93.125,-86.0,0.0,top,C25,,,C_0603_1608Metric,1uf/50V,smt
94.775,-76.3,-90.0,top,C3,,,C_0603_1608Metric,0.1uf/50V,smt
94.9,-83.65,0.0,top,C4,,,C_0603_1608Metric,1uf/50V,smt
94.775,-80.675,90.0,top,C5,,,C_0603_1608Metric,0.1uf/50V,smt
124.73,-105.655,0.0,top,C6,,,C_0603_1608Metric,10uf/25V,smt
124.73,-103.655,180.0,top,C7,,,C_0603_1608Metric,0.1uf/50V,smt
128.83,-105.655,180.0,top,C8,,,C_0603_1608Metric,0.1uf/50V,smt
128.83,-103.755,0.0,top,C9,,,C_0603_1608Metric,10uf/25V,smt
120.4,-108.830758,-90.0,top,D1,,,D_SOD-323,1N5819WS,smt
111.2,-117.4,0.0,top,D2,,,SOD-523_L1.2-W0.8-LS1.6-BI,~,tht
117.4,-109.3,180.0,top,D3,,,SOD-523_L1.2-W0.8-LS1.6-BI,~,tht
114.3,-109.3,0.0,top,D4,,,SOD-523_L1.2-W0.8-LS1.6-BI,~,tht
106.65,-109.1,0.0,top,D5,,,D_SOD-123,MBR0530,smt
106.7,-112.35,180.0,top,D6,,,D_SOD-123,MBR0530,smt
103.95,-97.35,-90.0,top,D7,,,D_SOD-123,MBR0530,smt
91.674,-96.2,-90.0,top,FPC1,,,FPC-SMD_24P-P0.50_FPC-05FB-24PH20,~,tht
108.1,-97.3,-90.0,top,L1,,,L_1210_3225Metric,10uH/1A,smt
101.6,-101.98,90.0,top,Q1,,,SOT-323_SC-70,Si1308EDL,smt
98.45,-83.1,90.0,top,R1,,,R_0402_1005Metric,10k,smt
103.8,-102.69,-90.0,top,R10,,,R_0402_1005Metric,0.47,smt
101.925,-79.625,-90.0,top,R2,,,R_0402_1005Metric,10k,smt
121.9,-117.7,180.0,top,R3,,,R_0402_1005Metric,5k,smt
111.44,-109.230758,-90.0,top,R4,,,R_0402_1005Metric,5k,smt
119.29,-97.8,0.0,top,R5,,,R_0402_1005Metric,10k,smt
119.35,-95.7,0.0,top,R6,,,R_0402_1005Metric,10k,smt
96.6,-99.0,0.0,top,R7,,,R_0402_1005Metric,3,smt
99.4,-102.79,-90.0,top,R9,,,R_0402_1005Metric,10k,smt
90.7,-78.535,90.0,top,SW1,,,SW-SMD_L3.9-W3.0-P4.45,~,tht
98.7,-78.375,-90.0,top,SW2,,,SW-SMD_L3.9-W3.0-P4.45,~,tht
116.65,-114.230758,0.0,top,U1,,,TYPE-C-SMD_USB4120-03-C,~,tht
109.95,-77.25,0.0,top,U2,,SMD-53 Espressif Systems,XCVR_ESP32-C3-MINI-1-N4,ESP32-C3-MINI-1-N4,smt
126.9,-111.75,-90.0,top,U3,,,SOT-223-3_TabPin2,AMS1117-3.3,smt
93.2,-112.8,90.0,top,U4,,None,XDCR_SCD40-D-R1,SCD40-D-R1,smt
124.7,-78.437,180.0,top,U5,,,CONN-SMD_6P-P1.25_XUNPU_WAFER-GH1.25-6PWB,~,tht
