﻿Designator,Quantity,Value,Footprint,Package,MPN,DNP,Mount_Type,Description,JLC_3DModel_Q,JLC_3D_Size,Manufacturer Part,Manufacturer,Supplier Part,Supplier,LCSC Part Name,MF,MAXIMUM_PACKAGE_HEIGHT,Price,Check_prices,STANDARD,PARTREV,SnapEDA_Link,MP,Description_1,Availability,MANUFACTURER,SNAPEDA_PN
"3.3V, 5V, GND, SCL, SDA",5,TestPoint,TestPoint_Pad_D1.5mm,,,,tht,test point,,,,,,,,,,,,,,,,,,,
"C1, C6, C9",3,10uf/25V,C_0603_1608Metric,,,,smt,Unpolarized capacitor,,,,,,,,,,,,,,,,,,,
"C10, C12, C13, C14, C16, C17, C18, C19, C23, C24",10,4.7uf/25V,C_0603_1608Metric,,,,smt,Unpolarized capacitor,,,,,,,,,,,,,,,,,,,
"C11, C15, C2, C3, C5, C7, C8",7,0.1uf/50V,C_0603_1608Metric,,,,smt,Unpolarized capacitor,,,,,,,,,,,,,,,,,,,
"C20, C21, C22, C25, C4",5,1uf/50V,C_0603_1608Metric,,,,smt,Unpolarized capacitor,,,,,,,,,,,,,,,,,,,
CN1,1,~,CONN-SMD_5P-P2.00_ZX-PH2.0-WT5P,,,,tht,Pins Structure:1x5P Pitch:2mm Mounting Style:Horizontal attachment Reference Series:PH Number of Pins:5P Number of Rows:1 Number of PINs Per Row:5 Row Spacing:- Current Rating (Max):- Contact Material:Brass Contact Plating:Tin Operating Temperature Range:,c6ade21d3d84450a96b6aa875f0dc09f,14 8.5,ZX-PH2.0-WT5P,Megastar(兆星),C7429692,LCSC,1x5P 间距:2mm 卧贴 系列:PH 配套胶壳型号：ZX-PH2.0-5PJK 配套端子型号：ZX-PH2.0-DZ 配套杜邦线型号：ZX-PH2.0-5PBXC,,,,,,,,,,,,
D1,1,1N5819WS,D_SOD-323,,,,smt,"40V 600mV@1A 1A SOD-323 Schottky Barrier Diodes, SOD-323",,,,,,,,,,,,,,,,,,,
"D2, D3, D4",3,~,SOD-523_L1.2-W0.8-LS1.6-BI,,,,tht,polarity:Bidirectional Reverse Stand-Off Voltage (Vrwm):5V Maximum Clamping Voltage:18.6V Peak Pulse Current (Ipp):9.4A Breakdown Voltage:5.6V Type:ESD,4084e30f0f42442eb5952d3b89d1d381,1.6 0.8,LESD5D5.0CT1G,LRC(乐山无线电),C383211,LCSC,双向ESD,,,,,,,,,,,,
"D6, D7, D8",3,MBR0530,D_SOD-123,,,,smt,"30V 0.5A Schottky Power Rectifier Diode, SOD-123",,,,,,,,,,,,,,,,,,,
FPC1,1,~,FPC-SMD_24P-P0.50_FPC-05FB-24PH20,,,,tht,"Locking Feature:Clamshell Contact Type:Double-sided contacts/up and down connection Number of Contacts:24P Pitch:0.5mm Mounting Type:卧贴 FFC, FCB Thickness:0.3mm FFC, FCB Thickness:0.3mm Height Above Board:2mm Operating Temperature Range:-25°C~+85°C Operatin",289dc7b9d2024071b9f8ac54133ca530,15.5 5.4,FPC-05FB-24PH20,XUNPU(讯普),C2856831,LCSC,间距:0.5mm P数:24P 翻盖式 双侧触点/上下接,,,,,,,,,,,,
L1,1,10uH/1A,L_1210_3225Metric,,,,smt,Inductor,,,,,,,,,,,,,,,,,,,
Q1,1,Si1308EDL,SOT-323_SC-70,,,,smt,"30V Vds, 1.4A Id, N-Channel MOSFET, SC-70",,,,,,,,,,,,,,,,,,,
"R1, R10, R2, R6, R7",5,10k,R_0402_1005Metric,,,,smt,Resistor,,,,,,,,,,,,,,,,,,,
R11,1,0.47,R_0402_1005Metric,,,,smt,Resistor,,,,,,,,,,,,,,,,,,,
"R3, R4",2,5k,R_0402_1005Metric,,,,smt,Resistor,,,,,,,,,,,,,,,,,,,
R8,1,3,R_0402_1005Metric,,,,smt,Resistor,,,,,,,,,,,,,,,,,,,
"SW1, SW2",2,~,SW-SMD_L3.9-W3.0-P4.45,,,,tht,Circuit:SPST Actuator Style:Round Button Operating Force:160gf Mounting Style:Brick nogging Switch Length:4mm Switch Width:3mm Switch Height:2mm Strike Gundam:不带 Contact Current:50mA Voltage Rating (DC):12V Insulation Resistance:100MΩ Actuator/Cap Color:B,305d1c5953df46c2be38ec48c2aa1876,4.8 2.9,TS-1088-AR02016,XUNPU(讯普),C720477,LCSC,4*3*2mm 立贴 轻触开关,,,,,,,,,,,,
U1,1,~,TYPE-C-SMD_USB4120-03-C,,,,tht,Connector Type:Type-C Standard:USB 3.1 Gender:Female Mounting Style:Standing paste Number of Contacts:16P Number of Ports:1 Current Rating - Power (Max):5A Contact Material:- Contact Plating:- Operating Temperature Range:-40°C~+85°C Operating Temperature Ra,b21d88065ec946df8d11bbee2d800a49,8.94 4.6,TYPE-C 16PLT-H10.0,SHOU HAN(首韩),C3151749,LCSC,Type-C 母 立贴,,,,,,,,,,,,
U2,1,ESP32-C3-MINI-1-N4,XCVR_ESP32-C3-MINI-1-N4,SMD-53 Espressif Systems,,,smt,,,,,,,,,Espressif Systems,2.55mm,None,https://www.snapeda.com/parts/ESP32-C3-MINI-1-N4/Espressif+Systems/view-part/?ref=eda,Manufacturer Recommendations,v1.0,https://www.snapeda.com/parts/ESP32-C3-MINI-1-N4/Espressif+Systems/view-part/?ref=snap,ESP32-C3-MINI-1-N4,"Bluetooth, WiFi 802.11b/g/n, Bluetooth v5.0 Transceiver Module 2.412GHz ~ 2.484GHz PCB Trace Surface Mount",In Stock,Espressif Systems,
U3,1,AMS1117-3.3,SOT-223-3_TabPin2,,,,smt,"1A Low Dropout regulator, positive, 3.3V fixed output, SOT-223",,,,,,,,,,,,,,,,,,,
U4,1,SCD40-D-R1,Sensirion_SCD4x-1EP_10.1x10.1mm_P1.25mm_EP4.8x4.8mm,None,,,smt,,,,,,,,,Sensirion AG,6.8mm,None,https://www.snapeda.com/parts/SCD40-D-R1/Sensirion/view-part/?ref=eda,Manufacturer Recommendations,1.2,https://www.snapeda.com/parts/SCD40-D-R1/Sensirion/view-part/?ref=snap,SCD40-D-R1,"Carbon Dioxide (CO2), Humidity, Temperature Sensor I2C",In Stock,Sensirion,SCD41-D-R2
